{"cameraMode":{"drawMode":0,"name":"Shaded","section":"Shading Mode"},"sceneLighting":true,"audioPlay":false,"sceneViewState":{"m_AlwaysRefresh":false,"showFog":true,"showSkybox":true,"showFlares":true,"showImageEffects":true,"showParticleSystems":true,"showVisualEffectGraphs":true,"m_FxEnabled":true},"in2DMode":false,"pivot":{"x":-5.429999828338623,"y":0.5499999523162842,"z":-4.369999885559082},"rotation":{"x":0.3005509674549103,"y":0.024335430935025216,"z":-0.007607870735228062,"w":0.9533376097679138},"size":13.366284370422364,"orthographic":true}