{"cameraMode":{"drawMode":0,"name":"Shaded","section":"Shading Mode"},"sceneLighting":true,"audioPlay":false,"sceneViewState":{"m_AlwaysRefresh":false,"showFog":true,"showSkybox":true,"showFlares":true,"showImageEffects":true,"showParticleSystems":true,"showVisualEffectGraphs":true,"m_FxEnabled":true},"in2DMode":false,"pivot":{"x":5.960464477539063e-8,"y":0.5000001192092896,"z":3.809999942779541},"rotation":{"x":0.2336972951889038,"y":0.19530881941318513,"z":-0.04798513650894165,"w":0.9512724280357361},"size":5.7481889724731449,"orthographic":true}